Nombre,Apellido,Dni,Sintomas
Antoni,Layland,98823577,11
Willie,Hazell,65737005,16
Tybalt,Swindley,35451175,6
Chrisy,Ortas,19146521,11
Cristen,Jowers,21663185,7
Margaretta,Keppe,49402016,4
Helaine,Drinkwater,83154115,13
Beau,Filochov,30589517,16
Arnuad,Knifton,02360386,1
Tades,Malham,47017874,16
Trixy,Gullivent,74495659,2
Delinda,Ramsier,65039171,8
Fairleigh,Pattingson,95525162,13
Damiano,Bigley,86839348,9
Trueman,Burdus,05192547,7
Fidelio,Etchingham,08225306,3
Lezley,Dunkerley,10969083,14
Willie,Wrangle,79551868,16
Hall,Beiderbeck,45335483,1
Bondy,Larmour,93534573,16
Barbabas,Dondon,35197737,8
Annabella,Lightbourn,53104894,14
Bone,Curner,12232511,12
Susanna,Ledgerton,05625208,4
Ron,Snook,78231020,17
Cherri,Malins,12213595,3
Malinde,Longland,48417394,14
Roxine,Itter,86660909,16
Aldon,MacKnocker,65806162,16
Timmie,Blazewicz,54316105,5
Tansy,Brosoli,89456066,13
Ardith,Etienne,82343526,13
Justen,Queen,31930909,12
Lise,Baverstock,77630289,2
Cassie,Mohamed,15657234,9
Braden,Consterdine,82506836,2
Aaron,Crowe,01525911,7
Henriette,Giovannetti,53018877,1
Jonis,Crayke,62055910,13
Anne-corinne,Baybutt,83912892,14
Luke,Boswell,74589261,10
Scot,Scorthorne,63921630,13
Tanner,Reddish,26779317,10
Fanya,Pocknoll,37619464,7
Cordula,Beddon,87188335,4
Freddy,Henstone,60714836,2
Coraline,Bulteel,02356650,15
Wood,Squibe,14031192,12
Marci,Brittle,20666886,12
Clareta,Kirkman,59271724,11
Artie,Stokes,07844409,16
Pammy,Gilleon,55644785,6
Jenifer,Haglinton,74708758,13
Nancie,Maffey,25489257,5
Lissy,Greenhill,38258073,13
Christine,Waltering,07057833,19
Shanie,Tournie,99550705,6
Andy,Cowndley,59785913,2
Ladonna,Sigsworth,80905138,6
Hedwiga,Leonida,26459026,12
Derrek,Dewerson,71235343,11
Gabbie,Sweating,22794236,16
Giorgi,Entwhistle,82755093,12
Berenice,Lively,73417373,5
Johnath,Dumbarton,04389661,8
Robinson,Scanderet,48980756,14
Pavla,Ibell,93946242,17
Ysabel,Hampstead,43517112,8
Lesya,Ketch,41833658,5
Tatiania,Balloch,05206205,3
Chrissy,Eilhart,31878493,2
Jacquelin,Bamlett,17740443,5
Mathilde,Rodolphe,58031252,5
Liliane,Lotterington,03156549,5
Otto,Spark,17755725,14
Barbaraanne,Slocum,76979010,12
Yurik,Berney,16175499,11
Ellie,Malpass,68682097,14
Camilla,Sallings,13382083,15
Ward,Stepney,19530381,11
Rosella,Seagar,15541887,10
Portie,Stracey,02535955,6
Melamie,Hendrickson,89407818,9
Bernie,Learmouth,78360797,12
Brant,Crockley,40109598,14
Raimundo,Rodman,47588945,4
Bili,Foxall,32921912,8
Rachelle,Stickford,01896647,11
Tristan,Jentle,27363590,18
Cristi,Pache,63155378,14
Kattie,Manilo,67767414,6
Beckie,Tallowin,41339546,18
Belicia,Dowe,25461166,19
Urbain,Gurwood,68555477,3
Remington,Derisly,59868731,19
Ogdan,Caulket,18290595,11
Miltie,Kilminster,23113490,19
Federico,Sweatman,10550215,17
Chicky,Beddo,00308655,2
Shelia,Plante,42599952,9
Gene,Smallsman,27449000,16
Vinnie,Samms,92734765,11
Barty,Lory,07517241,5
Worden,Rowth,78945257,16
Austen,Gelland,75760409,14
Cornie,Daniello,77194728,13
Cherey,Roderighi,47797523,9
Carri,Ingarfield,78371941,2
Linnie,Riste,47591432,7
Tris,Jagels,63119728,17
Joseph,Kerley,54987347,14
Christie,Brightwell,73614598,14
Arluene,Feore,79060199,2
Inna,Oels,36412831,3
Ferdinand,Thing,24190963,2
Blondie,Shorto,82687638,14
Merrie,Paulich,18808457,3
Andee,Twidell,63915050,12
Ludwig,Towns,29277476,7
Natalee,Jayes,40181340,2
Leia,Oxberry,11096059,16
Abdul,Gilhooly,44156214,19
Brandy,Heinssen,68124612,4
Nickola,Smallshaw,28403520,7
Katerine,Clemendet,76690052,14
Jaine,Rolfini,90771217,14
Joaquin,McQuarrie,11596303,10
Molly,Peal,13348206,7
Ana,Rushbury,38213694,16
Agustin,Snartt,39993229,3
Correy,Ahlf,12307261,16
Kathe,Boyington,93015222,17
Ivory,Beamand,82174924,1
Rickie,Chesnut,73248476,2
Wendye,Trighton,88541572,14
Chantalle,Beadles,63599114,7
Reg,Wellstead,28247048,2
Micheil,Yitshak,85051458,6
Debra,Jerrolt,91106568,13
Waylon,Maggiore,91882990,17
Cross,Gallyon,02358319,19
Modesty,Pattingson,47978719,8
Adelheid,McCrow,17963356,3
Pablo,Stobbe,21406261,17
Nicolina,Linkie,14271830,9
Mohandis,Crowche,81548728,5
Fredrick,Terram,20378604,11
Carlina,Sprowle,87292158,15
Stillman,Goldberg,59141173,18
Hollis,Ackland,08772519,8
Cord,Wicher,11114580,19
Tansy,Geertje,75801115,15
Bond,Getcliffe,56132896,6
Carrissa,Newing,69631046,5
Shelby,Chaddock,78988216,14
Veriee,Crippell,60003824,5
Augustine,Sam,45509293,3
Jemie,Corah,12954373,5
Meghan,Kertess,53216091,4
Ibrahim,Sammons,48313443,6
Aurelea,Moffatt,12940130,2
Billi,Gouthier,93369192,13
Debor,Webburn,82038805,9
Margareta,Hankin,71779004,9
Ninetta,Tschirasche,84717643,3
Kyrstin,McNay,14866841,18
Saree,Kryzhov,15490920,3
Demetria,Drohane,23821867,3
Rubie,Metson,58646047,2
Coop,Benzie,80893375,3
Dewitt,Alker,30338190,8
Andrea,McPolin,23485559,12
Hasty,Ungerer,05367500,19
Shani,Aldrick,69346972,14
Emera,Kochel,26791399,19
Idette,Benstead,14131082,14
Binny,Airey,40287994,6
Cristina,Ketchen,60773929,9
Florri,Senter,25626141,4
Cindy,Wadmore,30999286,16
Ruth,Cakebread,46988728,4
Evangelina,Thomas,21163071,10
Clareta,Hitter,77247980,5
Brianne,Bollin,75568837,4
Lindsay,Kempston,54546605,2
Ameline,Morefield,14894742,7
Elmo,Maddigan,06695308,5
Sarita,Newlan,29853259,19
Chere,Longstaff,78076883,19
Esme,Playdon,02503341,13
Min,Guymer,42689836,19
Bertie,Havers,66633786,17
Ricca,Raoult,15978957,17
Diahann,Vlasyuk,58858488,15
Ines,Feben,57615889,6
Guendolen,Stanfield,77538247,9
Tito,Gaffer,27842383,7
Alex,Hanse,58507814,11
Ashbey,Meeny,49023209,5
Scottie,Attkins,16964922,14
Stirling,Shurmore,07585236,13
Allyce,Di Frisco,88978029,16
Penny,Esparza,23841746,15
Marten,Winship,39627042,3
Shelia,Giotto,66923840,10
Gran,O'Sharry,60860393,4
Mayer,Ciccoloi,91262371,4
Alaster,Franckton,26211256,12
Roddie,Napier,01823435,18
Ashlan,Millican,77698635,1
Dorise,Woollin,09583121,7
Raddie,Brecken,67655836,17
Suzann,Brobak,04757090,17
Annnora,Kilshaw,40529377,5
Eydie,Bourgourd,74824880,8
Giles,Minghi,05426962,7
Phebe,Beddingham,97690447,3
Georgeanna,Cleatherow,18957398,2
Katy,Hazeldene,21046085,18
Miguelita,McGrudder,12227481,15
Gabbie,Hesey,66922821,14
Benny,Audley,03656797,12
Moise,Loveitt,19585911,12
Doralynne,Crammy,58858222,2
Nickolai,De Miranda,86675011,7
Jordon,Garnson,72832989,6
Yard,Valder,21194283,6
Tess,Corey,92675231,6
Tandi,Vignal,70141831,13
Terencio,Cohrs,28464063,14
Vite,Fardo,40506652,9
Ulrika,Tillman,77381550,5
Leeanne,Stickel,42612243,14
Vanny,Barkus,57977887,13
Baxie,Egginson,13673718,17
Emile,Patten,60201599,16
Ulrica,Cubbinelli,36019354,14
Flem,Stubbin,00034909,3
Kyle,Anthill,64833561,17
Cora,Roma,52693208,14
Corabella,Cayle,50504845,15
Pyotr,Philpots,25120787,16
Addie,Eacott,19045831,1
Meier,McAlpin,69754026,12
Noami,Pardon,40583955,17
Euell,Dreossi,21220263,4
Shelli,Faulconbridge,71660831,7
Marsiella,Adamolli,45147127,11
Karena,Gilffillan,16456395,6
Jaye,Guillard,90089712,4
Thomasina,Reuther,71603824,16
Katharine,Lardez,14730312,4
Cly,Szubert,15577540,11
Johny,Housego,75606571,1
Alethea,Follin,48856555,9
Randal,Sherrin,43363810,2
Godard,Linney,81397481,8
Laurena,Chastang,44265071,9
Melony,Swateridge,41385211,1
Michal,Swiffin,59251335,7
Emalia,Lynn,01152885,6
Nefen,Sewill,45540511,3
Gordy,McMurray,62386250,19
Arielle,Gaines,41467478,12
Ernestus,Renol,77388414,1
Ezequiel,Bedow,29047074,7
Bellanca,Thorpe,42679096,16
Averyl,Nardrup,49958673,14
Demetris,Little,79214721,6
Carmel,Deluce,55922200,15
Jemmy,Latch,55740451,8
Kalli,Verdun,79171009,6
Ruthi,Browne,62075216,2
Dino,Count,65561510,4
Ammamaria,Ingall,11783918,6
Hyacinth,Hanford,85197031,3
Aleece,Beckinsall,28075150,19
Bryana,Chiles,68822852,3
Joella,Gobbett,59825203,6
Danyelle,Oldknow,97600926,7
Sax,Peres,57684527,16
Dale,Kubyszek,41101392,8
Marcelia,Pittock,51169646,16
Linn,Koenen,60914759,4
Jillene,Livingston,93858020,7
Barry,Crossingham,10837693,16
Gaynor,Khosa,34886530,1
Gerty,Speedin,01571238,7
Nikkie,MacDonough,95113741,14
Roxi,Cottham,58536757,10
Chickie,McMearty,30668160,5
Sharyl,Dudmarsh,95524902,9
Carmine,Benneton,13678284,9
Julia,Beckhouse,78829218,11
Gladi,Boyfield,12922219,11
Judah,Larwood,90340843,19
Oren,Cossum,16552002,16
Lucian,Antrum,41816997,19
Artemas,Pumphreys,04887983,16
Hamnet,Pirelli,15586160,19
Roxanne,Rue,94269080,13
Nickey,Casero,24972146,10
Dallis,Lipmann,72407805,8
Zane,Jewster,76567924,13
Alonzo,Hadland,15189635,14
Winthrop,Witherdon,81013772,6
Jinny,Gamell,83426970,4
Iona,Vlasenkov,77555461,18
Tedd,Dowty,31182826,18
Enos,MacRanald,12049651,16
Floyd,Boutton,82657376,13
Darnell,Manntschke,33806656,17
Matt,Budnk,67257057,16
Corry,Coxall,02240146,6
Shea,Crisp,77132529,19
Royall,Neilson,52997761,2
Yasmin,Abbie,89283549,10
Ivonne,O'Hdirscoll,38135690,12
Adelle,Swin,93634396,16
Francis,Mougin,33490759,6
Delia,Miall,83309845,12
Jeri,Linnemann,33064243,5
Rolph,Bifield,82399035,12
Fred,Grievson,56395746,13
Anabelle,Handke,71153508,2
Winnah,Kamen,50951214,1
Tony,Djokic,48394609,6
Cam,Lillow,69046813,12
Adelle,Reagan,41034463,12
Wilek,Sisson,87258183,12
Roma,Force,30212767,15
Margo,Skipsey,09890125,19
Ephraim,Lacey,81133941,2
Lamond,Backs,12906133,8
Yance,Le Galle,89721675,17
Early,Waller-Bridge,74730029,8
Juditha,Moller,04938065,13
Rosie,Skade,92520442,3
Lorilee,Baggot,49946445,4
Michele,Gasking,67844595,5
Claus,Tilzey,21977460,15
Paolo,Bartoshevich,81298172,8
Putnem,Mordanti,21478792,19
Feodor,McGready,68782150,8
Marta,Vispo,97139768,2
Phoebe,Hannen,82362529,19
Tamma,Shirland,27122670,14
Melinda,Methingam,75433074,1
Brandon,MacMeanma,92892927,5
Nikolaos,Mattam,30096721,3
Thea,McTrustrie,55329391,7
Cicily,Wastie,59715862,12
Wally,Matyashev,57648116,16
Northrop,Hyrons,58995295,13
Evita,Arrington,02427273,5
Puff,Grisdale,14134875,7
Lucila,Ricks,01716136,14
Pernell,Clowser,26087185,14
Addia,Joisce,03961775,1
Georgette,Flude,21637427,6
Mellie,Barents,61973466,7
Yvor,Perrin,57555522,11
Lian,Kyncl,80505927,15
Theo,Littlewood,35554992,1
Rurik,Sallter,71835207,16
Pietrek,Sibun,87335384,10
Krishna,Philippet,68284702,4
Benjamen,Flucker,08681529,19
Rorie,Blackston,12434050,2
Anatola,Bordessa,37264902,19
Sabina,Jaray,75163433,9
Tedmund,Davidi,57917007,4
Kimmy,Greste,03035956,4
Danette,Espada,79567313,8
Reinald,Lindstrom,74566075,3
Briano,Sparrow,67560214,2
Rozele,Chettoe,27842996,3
Filippo,Hutable,44444246,4
Betti,Griss,14968656,17
Nevins,Marcus,27802605,3
Melonie,Spowart,14720385,5
Aprilette,Sedgmond,49169753,18
Cash,Hessenthaler,68826870,11
Jillayne,Lynn,69309693,18
Pip,Bates,73485468,12
Constantino,Elwin,40559148,7
Bunni,McCallam,84214586,12
Thaxter,Boshere,43621615,8
Jewel,Collacombe,60546329,19
Abbie,Shoute,58181002,15
Rad,Templeman,45623014,19
Ibbie,Shelliday,51144456,9
Dean,Kilalea,58212479,9
Odette,Denson,01972324,8
Nona,Ibbitson,47264969,16
Uriel,McMechan,56251969,2
Harper,Mulqueen,68083654,11
Ulysses,Jenicek,60575404,1
Vernon,Tallon,33004563,5
Myles,Garioch,68531631,16
Dosi,Pegrum,10099416,13
Ignatius,Chastagnier,41473321,19
Randi,Maidens,54187244,3
Torre,Grinnikov,74272619,17
Sigismond,Barkly,62825845,3
Bernelle,Asker,97802364,18
Greg,Brunroth,35699134,19
Dorothy,Giraldo,37307004,13
Kaylil,Pevsner,38269617,12
Kennith,Kimmince,53131878,3
Carmine,Iacoboni,81727694,8
Dew,Bellinger,50462045,7
Kathe,Stocks,11736701,16
Shirley,Churchill,24187907,13
Boigie,Gyngell,13141895,4
Stern,Kinzett,48380687,12
Glenden,Jennings,56018164,8
Lorine,Kennet,79743727,4
Sammy,Pestricke,55459189,1
Jodie,Barajaz,15910579,14
Creighton,Soames,70355879,8
Karin,Pischel,03598865,11
Bondie,Noah,55436238,3
Mollie,Garrard,11727074,15
Calypso,Lerner,83602551,11
Laureen,Turrell,36536335,15
Felice,Clempton,02407450,9
Robinson,Anglim,40288367,14
Lolita,Haste,68416134,11
Ulrick,Warrack,79324695,1
Mace,Corrington,34336651,7
Boyd,Couroy,06760241,5
Kimberley,Maynard,28728304,15
Melodee,Forsbey,81831987,3
Kiley,Gerasch,34509789,14
Giordano,Aspenlon,84899693,4
Filmer,Claypool,22776015,17
Valaria,Cabrales,50422575,7
Gayel,Chezier,41524853,18
Ransom,Reidshaw,14806931,18
Bertie,Pepper,32546925,4
Johanna,Cowgill,93081792,19
Terrell,Trenouth,10182300,16
Perice,Syplus,99826065,9
Beverlie,Catterson,00756453,15
Ahmad,Knightsbridge,13548102,3
Heda,Angeli,40262807,18
Lewes,Needham,92339146,3
Ashly,Dewdney,09746351,2
Jo-ann,Di Giacomo,29149060,4
Garret,Dullingham,70476551,8
Doralynn,Leipold,70405477,12
Bealle,Chiommienti,17297565,4
Chloe,Mingasson,58894012,12
Adele,Zavattiero,01900726,13
Norri,Fawcus,22375226,11
Lauraine,McKag,23099049,10
Caralie,McPhate,51664135,17
Addison,Pymm,02182899,19
Guillaume,Kentwell,96687876,9
Corie,Grestie,21154559,16
Rodrique,Josupeit,35244893,16
Demeter,Gynn,19962297,2
Wynn,Warlowe,88624992,16
Penny,Aleksandrev,21366229,7
Nanon,Jeskins,54084970,9
Terrence,Markie,05158336,10
Collete,Jedrzaszkiewicz,14777064,17
Mahala,Smorthwaite,46033309,18
Luciana,Evenett,91092786,10
Marthena,Humbell,89209710,12
Lilah,Bartolomeazzi,01472046,18
Mattie,Aukland,21542069,5
Adolf,Demetr,31579369,6
Tobit,Rorke,24822034,1
Bartolemo,Edgler,24091857,6
Theresa,Halley,85587213,14
Winifred,Jervois,61379043,15
Ulises,Village,17348090,15
Darlene,Froude,28554582,7
Nettie,Brien,47252173,11
Zacharie,Lassey,48872287,7
Gussie,Greystoke,74220751,16
Carlen,Eynon,23808153,6
Jeramey,Broadey,65548561,15
Eden,Duplan,78623072,3
Aube,Sturridge,62225472,19
Dimitry,Bathowe,65542858,11
Zollie,Bredee,54973919,17
Egan,Crambie,01670581,5
Patton,Radborn,19332259,11
Wood,Josefson,90501220,14
Vilhelmina,Dyhouse,42318910,16
Anastasia,Bruff,94854539,8
Frederik,Kupke,79494753,7
Wiatt,Cruise,01904448,14
Lishe,Kelberer,70552169,14
Casey,Laws,92268545,12
Ashby,Mattschas,78876542,15
Kissie,Skain,86512670,5
Tomasine,Jefferson,87108259,9
Thedric,Klyner,88690771,11
Winnie,Coggell,48111748,6
Madison,Yakunkin,06821381,3
Marlane,Phython,15125914,16
Tuesday,Kelley,08357766,15
Hally,Melly,74728088,17
Wenona,Weaving,23136338,10
Adeline,Giraudeau,21343190,2
Rowan,Brittle,81343349,17
Zondra,Waszkiewicz,60217654,2
Willyt,Vignaux,72786896,5
Fredek,Dunston,57900414,14
Dore,Milazzo,45743010,13
Gene,Bergeon,76637134,1
Mallissa,Corbett,03157896,19
Whitney,Petasch,33369499,16
Shawnee,Rodmell,41883418,9
Wake,Cockill,36461884,10
Cyndi,Monck,24753348,9
Moselle,Wandrack,25249467,15
Sabrina,Vasic,42713379,6
Auroora,Caesman,09999487,13
Elnora,Quogan,14040448,15
Bidget,Tuplin,60423038,6
Brandy,Chellam,94394891,19
Sharyl,Foyle,85026112,2
Nadiya,Verbeek,39149260,7
Judd,Sime,33530760,6
Arthur,Freak,97679212,16
Lazare,Dempsey,86620825,3
Germain,Jedrzejewsky,53859446,9
Bradan,Bridgement,42847164,16
Ketti,Seedman,54408604,2
Ainslie,Bradie,09997551,2
Renate,Gorden,12937195,3
Filia,Seaborn,52058628,9
Brandtr,Buche,84157616,1
Pablo,Slatter,53827835,18
Finn,Barthrop,31749344,16
Devina,Fischer,79047954,10
Eve,Widdocks,99813586,8
Marisa,Giffard,35761570,1
Genevra,Boakes,97876602,19
Dulcy,Skates,25930014,4
Dana,Khotler,48798753,16
Dacie,Crevagh,05315350,18
Quint,Darell,49647986,5
Dael,Crevagh,93117098,13
Philbert,Hewins,45358512,13
Sherm,Antognozzii,31722299,12
Nathanial,Winkle,27185040,3
Moll,Wherry,72316684,13
Christalle,Sydry,77309698,15
Molly,Seman,53544878,7
Ame,Roskrug,46038283,1
Tuckie,Rush,07961388,3
Riccardo,Finlator,07341804,16
Wang,Sliney,74830404,6
Manya,Langthorne,91495067,10
Reidar,Morphew,53060963,10
Dilly,Bayford,34329511,1
Hugibert,Kehoe,00375114,2
Ibby,Knibbs,08911631,16
Letta,Emmison,13925344,19
Kleon,Carncross,64125968,3
Albrecht,Kelleway,36226654,9
Ellerey,Chaize,36884205,4
Alfy,Lembrick,59197306,11
Errol,Riddiford,32658347,11
Sonnie,Loyd,88624568,15
Paddie,Bleasby,49168024,1
Stu,Strickland,20317575,5
Star,Dabbes,11535795,7
Robby,Crowcher,44938537,16
Coletta,Golson,02411546,10
Alysa,McKinney,30176362,6
Mirabel,Swannie,32234818,4
Klement,Newgrosh,17049729,17
Shelby,Iorio,96621074,9
Sargent,Bleas,95524788,11
Charity,Burnhams,98510106,2
Shalne,Kopje,93271235,10
Teresa,Milverton,15146485,11
Yuri,Hambribe,37848124,15
Rodrique,Willbourne,01255438,13
Ingar,Hunnisett,60104707,8
Nick,Yerrell,52094272,19
Carmine,Ojeda,47236174,4
Juline,Hammarberg,60037749,10
Tracy,Casaroli,32208077,4
Kim,Harriman,71843488,3
Daveen,Blint,71897364,13
Jannel,Bartolozzi,24220120,1
Ira,Chapleo,52917133,18
Daile,Orteu,60084882,6
Hagan,Gladebeck,76854315,3
Jerrilee,Bennell,31593158,4
Mamie,Claringbold,68045285,9
Onofredo,Raddon,09044025,2
Dredi,Vitet,25354848,7
Cynthea,Glanz,99455704,1
Maury,Loney,15166797,2
Agustin,Galway,56176218,8
Krishnah,Izkovitz,99200873,13
Benny,Allwood,07849496,6
Nicolette,Argile,86037919,9
Querida,Dallison,41832871,17
Karlens,Diaper,30064123,12
Winthrop,Dufoure,22627741,11
Cary,Girardot,29995156,10
Ken,Hearsum,73045125,2
Blair,Lauks,26984001,3
Hew,Beardsworth,47286209,6
Flory,Lutty,95674527,13
Rory,Sacks,24155248,1
Lemmie,Pammenter,78879284,9
Mickey,Jacobowicz,48762279,5
Smith,Edwardes,67108122,11
Mauricio,Mandrake,65836358,8
Raynor,Cayle,64952302,4
Abey,Trusslove,06337633,2
Clarita,Illesley,14451915,6
Heinrik,Le Huquet,73893531,14
Shandie,Koppke,61940160,12
Maxwell,Bausmann,09262479,17
Abra,Simonitto,26522475,12
Hastie,Custy,66540696,16
Maurizio,Eakle,39659995,9
Raphael,Challenor,93867745,5
Jaquenetta,Laidlow,48795920,7
Leanor,Warsop,02331185,19
Blair,Dykas,31532914,6
Harlene,Purdey,35102760,18
Ranique,Swindon,04760375,7
Caprice,Corteney,94793184,9
Pandora,Georgeau,92213035,2
Jayme,Achromov,06003950,8
Laurella,Mebs,60548305,12
Demetra,Dingwall,92602877,5
Bevon,Dolton,64057262,10
Charlton,Erswell,08005210,2
Elden,Barlace,39177489,14
Dolph,Vanstone,08782980,15
Brig,Cornelis,91050037,6
Sylas,Cripps,01706190,10
Kiley,Revans,75249074,4
Saloma,Reiglar,27204411,17
Bryana,Bartomeu,36272197,2
Dody,Howling,12983802,13
Ajay,Tinniswood,33738593,17
Nahum,Jeram,60414271,14
Lacey,Straneo,69474828,9
Shae,Meese,47493856,17
Marwin,Ciobotaru,89371241,15
Lionello,Gudgen,69472872,4
Em,Thorwarth,30947350,9
Eugenius,Liley,04519540,10
Dita,Kundert,25546373,17
Cindelyn,Kornacki,88810861,19
Hall,Christal,54917646,15
Munmro,Wilkennson,04007416,3
Atlante,Izzett,02358223,2
Rici,Fidele,87262843,17
Babbette,L'oiseau,05768657,15
Ives,Stuchbery,73543346,8
Jaine,Rummins,19839770,16
Claudell,Agglio,67179083,16
Tootsie,Janak,14434889,16
Denney,De Cruce,98187076,12
Boyd,Mutter,25316326,17
Alisha,Southworth,92585034,4
Sheppard,Antonoczyk,89636143,1
Eduardo,Steinor,60909060,7
Toiboid,Fox,91155681,7
Trescha,Vignaux,57538451,2
Anson,Chastanet,98791780,6
Eadmund,Windmill,51190751,8
Janice,Trehearn,69887222,18
Ilyssa,Rew,90220764,2
Kareem,Fargie,55587608,14
Sharia,Lothlorien,40569871,11
Gibb,Jardein,98698920,15
Rosmunda,Hrihorovich,15823057,17
Zenia,Ephson,46079696,9
Edita,Kastel,48655258,1
Alf,Roskrug,60133637,7
Adrian,Mogenot,41467378,3
Christian,Alden,51977573,17
Wilhelm,Mars,28335906,5
Dorelle,Galliford,97174512,12
Rory,Ashenhurst,33796043,18
Rog,Achromov,47171750,3
Charmian,Colquit,62878021,1
Lyn,Mallabone,40748329,4
Lin,Ducaen,56521048,5
Ariana,Altoft,36833406,14
Costanza,Hancke,03820240,11
Vasilis,Plimmer,89406559,15
Veriee,Thripp,52666848,10
Chanda,Fotitt,62050738,4
Tami,Abrahamsson,60867367,14
Sosanna,Sprey,72992605,17
Odelle,Skala,89030435,10
Jackie,Tour,94171607,3
Justus,Buchett,17882883,5
Nataline,Brocklesby,30340360,16
Barclay,Burmingham,27023083,3
Ysabel,Trigg,11750748,17
Kristian,Howitt,76800554,17
Renie,Creaser,59944667,7
Jana,Roscow,33983651,11
Konstantine,Wilbore,81872587,15
Cart,Ciraldo,28481549,12
Goldy,Miroy,73067076,19
Hillie,Arkill,69394688,10
Benedicto,Piquard,41435951,12
Queenie,Sacher,00252212,2
Almeria,Sarjent,27630355,6
Chantal,Gotts,63795502,13
Thatch,Grolmann,76262143,14
Herbert,Cappel,77765093,5
Sydelle,Vaughton,57769300,5
Atlanta,Denyukhin,37747239,17
Caterina,Ramel,69545156,11
Ninetta,Thomazin,25489203,6
Phaedra,Sherrington,04060037,10
Anne,Ivanonko,37622437,11
Allene,Gannan,57887299,14
Marsh,Langstone,25908953,4
Gunar,Laverock,42181076,17
Ellerey,Arnaez,01737049,16
Ailene,Messom,87112717,13
Olva,Lanfer,81238657,10
Debee,Lowde,93741791,12
Dosi,Cordeau],83397685,8
Devin,Stoeckle,32605323,6
Job,Danford,02453554,1
Kipper,Mariaud,50820228,17
Valida,Jouhan,07990322,12
Ripley,Sawbridge,99799169,19
Doug,Brasted,59082686,17
Durward,Bartholin,29719933,9
Brooks,Suter,83909891,12
Jill,Crookes,35440898,11
Berke,Grover,60023258,11
Netta,Berzons,99255084,17
Vitoria,Imm,70222807,15
Nikolos,Nunns,69348408,12
Kerry,Burness,61648477,11
Marlee,Winsper,41023645,19
Benoit,Narraway,24100393,7
Candide,Digger,86568048,12
Ashleigh,Brooking,12752658,11
Guinna,Mortel,78490631,9
Syd,Willstrop,92840884,16
Edita,Jorgesen,65323346,13
Clayton,Colbeck,56243375,11
Brody,Ondrasek,03279303,9
Niko,Gatheridge,57616072,8
Nikos,Dimanche,14637570,12
Claudine,Borges,86233849,6
Jen,Myerscough,35663645,18
Leah,Wyard,37297190,10
Jonie,Bucham,75650807,13
Marjory,Calcut,11237862,14
Hillard,Bawden,54894388,16
Bobette,Josifovic,80331411,12
Engelbert,Ruggles,29914919,2
Norrie,Jowitt,59825750,6
Marilee,Druhan,81830676,13
Britney,Blackston,37990631,14
Bebe,Marquese,76163958,18
Anne-marie,Menure,23686474,6
Bradford,Selway,42653854,15
Darnell,Pigford,02871226,1
Nora,Sambath,07189233,4
Alethea,Chuck,12588259,19
Willi,Cornbill,29609901,10
Dick,Hounsome,73482605,17
Winnie,Lashley,33869619,19
Lanni,Marrows,34711505,8
Trumann,Packman,09321251,11
Ara,Mayger,60021332,14
Tawsha,Jaffray,78605056,2
Chicky,Cratchley,37133096,16
Rodge,Bonson,57191803,17
Theodosia,Strangeways,54323232,17
Kelbee,Turrill,83491011,17
Mendel,Bulter,60166625,15
Earlie,Pallent,79933249,2
Laryssa,Lippi,89339953,10
Marnia,Fouch,70478276,7
Lottie,Ghirigori,17015371,11
Nealson,Adanet,54280068,5
Melanie,Jauncey,68991841,16
Albrecht,Syrett,88279516,19
Whittaker,Bompas,19512116,19
Amandie,Antunes,64341703,16
Tricia,Ornils,71538644,19
Carter,Waugh,83593882,8
Ira,Merwe,79301879,4
Hyatt,Piotr,23016853,8
Miranda,Nisen,69224601,6
Gayel,Loble,10232005,11
Andy,Bifield,25054684,8
Julita,Golagley,05496852,9
Brander,Gribben,37003764,10
Jefferey,Kempe,81197247,18
Darryl,O'Deegan,95141243,3
Mick,Itzcak,23700835,15
Roi,Pulbrook,26936528,14
Elspeth,Copner,67605357,4
Viole,Simson,92758741,2
Arlyn,Gratton,89984267,7
Pearl,Thurlow,74077393,18
Isidora,Dundin,35440434,18
Rickie,Tomkins,50994312,15
Fanechka,Cust,93586784,15
Daffi,Ghio,90023416,13
Skelly,MacParland,25776901,11
Sidonnie,Girkins,50480430,6
Elsey,McSpirron,25832647,16
Kevyn,Stoute,17535346,4
Charmian,Kornyshev,65529939,10
Abbie,Baybutt,15417169,9
Crichton,Thunderchief,59117629,9
Thacher,Capner,20091763,13
Jens,Aldgate,63165219,19
Carry,Summerlee,30762257,8
Drusi,Ellaman,12050689,7
Ina,Brumby,71782066,14
Rici,Rubinfeld,90541657,16
Stacey,Sheehan,22044923,2
Raychel,Dohrmann,12822287,19
Ranna,Swan,70249728,18
Carroll,Gavey,18890633,1
Shelbi,Merill,04957332,3
Yorker,Tirrell,33170179,1
Flossy,Wilacot,28589719,3
Korney,Alliband,75369521,19
Tilly,Loxston,42798593,5
Peg,Garret,70474584,3
Laure,Beaton,65042404,8
Josselyn,McGow,69363355,17
Eveline,Rubinowitch,59710419,19
Steffane,Chicken,60794251,8
Chicky,Bourley,20022643,6
Carmencita,Bownas,78227863,5
Alberta,Cabell,94534337,13
Paulita,Cyples,72385465,15
Fayette,Gilbard,57337409,11
Charita,Ninotti,67423164,5
Kizzie,Blockley,78507332,4
Theobald,Tythacott,37664348,8
Florence,Nickels,87174546,10
Martino,Thursby,30085476,14
Albie,Beagley,31594368,17
Jermaine,Freiburger,77994287,3
Prudy,Igo,67417802,7
Luci,Snelle,58029671,15
Tadio,Marklow,57116565,2
Vallie,Parratt,05328137,5
Llywellyn,Vlies,34140115,10
Lissy,Gurden,00658987,19
Rodrick,Kerwick,41216358,17
Johnathan,Garrettson,23605039,15
Amabelle,Nijs,58928237,6
Kai,Tanswell,70361530,9
Cyrus,Corse,23007670,16
Benedetto,Poulter,01145622,3
Wade,McFadyen,15419565,14
Maury,Grieveson,99768469,9
Lynea,Highwood,81674468,13
Maggy,Machel,31227993,14
Dyana,Dobbins,55947945,17
Lorianna,Mungane,07919221,5
Currie,Kitchenside,76196414,5
Robinson,Chaffer,50498802,15
Katherine,Gourlay,91371484,11
Rosabella,Mauditt,18315568,10
Lenna,Grzeszczak,96839191,18
Mariele,Dirr,60394047,4
Eilis,Phelipeaux,07374941,11
Kristofer,Whebell,11367369,13
Denny,Jelphs,19992951,5
Rik,Westell,49531002,4
Saxe,Shelmardine,38524197,15
Fidela,Brumfitt,40822575,11
Aarika,Burl,44660274,11
Kristo,Follet,70618400,15
Frasquito,Speirs,91586485,6
Mildrid,Pratt,53642020,18
Martelle,Boule,71157076,6
Allie,Jankovsky,23082998,9
Carlie,Klimko,78314514,2
Fraze,Galvan,01942846,16
Deeyn,Shefton,93286655,10
Eldredge,Graalman,52926461,3
Babara,Schaumaker,31080251,15
Win,Leachman,01590192,1
Doretta,Taffrey,02241282,3
Royce,Sedman,95853702,15
Krisha,Wait,61159785,1
Cyrillus,Dammarell,94968117,4
Lockwood,Wetheril,03067018,5
Cornie,Lengthorn,48486419,1
Emilia,Dust,18709866,14
Damita,Sture,41668393,18
Wendeline,Cordy,38329053,6
Malcolm,MacWhirter,64341099,11
Hal,Theodoris,56500168,4
Mel,Abells,92099507,5
Tadeas,Loges,31917816,11
Jaquenette,Malenoir,87623223,10
Reese,Keuntje,81783086,17
Englebert,Bogeys,62894631,18
Westbrook,Melonby,04165382,18
Benetta,Volett,49099210,2
Leontyne,Ladon,53610214,3
Bret,Daykin,71999119,18
Darrick,Cantrell,72363397,16
Flinn,Blewmen,80682177,15
Ermentrude,Sheahan,14153773,11
Ewen,Espine,98096664,3
Hammad,Nozzolii,98836465,17
Shanta,Safont,61257265,6
Leland,Ismay,87880158,6
Mart,Percifer,40320732,14
Elia,Camings,67155794,17
Florie,Hatwell,26372812,7
Any,Sorel,18365409,12
Devon,Corbin,99755297,15
Lee,Curee,42546217,7
Bryanty,Austing,32799084,13
Birgitta,Sherwen,70174642,19
Shina,Leall,54202405,12
Paule,Andrysiak,79697404,15
Dulci,Duckworth,91725249,19
Isabel,Ruddin,94299257,11
Jo-anne,Badrick,54482801,2
Saleem,Abramamovh,92408814,13
Chrissy,Meddows,66546909,9
Neda,Faragan,66573909,8
Daloris,Pomfret,26087232,7
Jehu,Liccardo,36717516,6
Kirsti,Robbey,93744233,12
Reuven,Bramsen,88564494,12
Stephanie,Butteris,38413648,9
Bendicty,Cutbirth,63218024,16
Dag,Lark,27877683,8
Sarge,Catlette,26097926,5
Garwin,Clixby,71076003,9
Kassey,Laimable,67823616,6
Isak,Giacoboni,15670096,2
Nerita,Knok,46878990,18
Aile,Pett,10018248,7
Farrand,De la Harpe,36724463,9
Raviv,Heilds,11135609,16
Yancy,Ciotto,75563094,17
Saree,O'Lennachain,89585951,16
Cammy,Semmens,45399641,2
Sallyanne,Stoad,94851947,5
Celka,Crennan,56034028,11
Joby,Weathey,54356339,15
Charmane,Hemeret,43659918,12
Kinna,Whittles,19172278,3
Etti,O'Bradain,15849704,2
Stefania,Barrett,92542569,11
Stephana,Leedes,82247193,12
Raymond,MacNab,86500442,14
Estele,MacRitchie,06371846,10
Carlene,Tettley,53161426,10
Justino,Itzkovici,09133795,6
Monika,Zavattero,30685102,14
Hillie,Dunrige,76083666,16
Ada,Sirmond,92603433,8
Myron,Zamora,97110775,19
Shelley,Fowkes,46938770,1
George,Sedgman,90882351,19
Sianna,Hanscomb,17282313,10
Armstrong,Dowry,90977250,1
Raffaello,Iwanczyk,81359245,1
Moreen,Rawling,21724765,2
Terese,Ingledow,71010194,4
Gabriele,Roizn,24094852,15
Eden,Djurisic,47542350,5
Sonny,Drogan,41328648,6
Francois,Wortt,08067572,11
Web,Mayberry,01142530,2
Alana,Jesson,01357515,17
Evelin,Monery,92870851,2
Jessamyn,Arniz,76269903,11
Malinde,Rawling,00513983,6
Waverley,Wickwar,96156383,11
Gretchen,Karlolczak,58685000,17
Karolina,Duberry,82116126,7
Jon,Drezzer,15453507,4
Melva,Cayley,79030270,11
Domeniga,Wermerling,48674830,11
